{"fold": [1, 2, 3, 4, 5], "macro_f1": [0.7276338420871581, 0.752356840099902, 0.7407492374664341, 0.7522556524294175, 0.6906511618903824], "log_loss": [0.5878325657323356, 0.5901972271811531, 0.5826376025631513, 0.5501927138356045, 0.6556645129475466], "best_iteration": [null, null, null, null, null], "logloss": []}