{
    "total_log_return": 3.3145881811449964,
    "annual_return": 0.25481275828204375,
    "annual_volatility": 0.23334391986067576,
    "sharpe": 1.0920051331707572,
    "max_drawdown_log": -0.48803379654431245,
    "avg_turnover_per_year": 16.418750417345002,
    "hit_rate": 0.17998779743746188,
    "pct_time_in_market": 0.3309945088468578,
    "n_entries": 1074,
    "n_exits": 156,
    "avg_trade_duration_days": 1208.5961538461538
}